,k_map,variable,plant_nr,copy_number,,,,,,,,,
1,Brite Hierarchies,C1_A,C1,15.68886912,,,,,,,,,
2,Cellular Processes,C1_A,C1,3.182355561,,,,,,,,,
3,Environmental Information Processing,C1_A,C1,3.170186951,,,,,,,,,
4,Genetic Information Processing,C1_A,C1,15.57811331,,,,,,,,,
5,Metabolism,C1_A,C1,55.61932618,,,,,,,,, 
6,Not Included in Pathway or Brite,C1_A,C1,6.060231487,,,,,,,,,
7,Other,C1_A,C1,0.700917392,,,,,,,,,
8,Brite Hierarchies,C1_B,C1,15.94219161,,,,,,,,,
9,Cellular Processes,C1_B,C1,3.199713784,,,,,,,,,
10,Environmental Information Processing,C1_B,C1,3.153481765,,,,,,,,,
11,Genetic Information Processing,C1_B,C1,15.50957323,,,,,,,,,
12,Metabolism,C1_B,C1,55.44971283,,,,,,,,,
13,Not Included in Pathway or Brite,C1_B,C1,6.055668304,,,,,,,,,
14,Other,C1_B,C1,0.689658478,,,,,,,,,
15,Brite Hierarchies,C10_A,C10,16.01463628,,,,,,,,,
16,Cellular Processes,C10_A,C10,3.230319308,,,,,,,,,
17,Environmental Information Processing,C10_A,C10,3.214393404,,,,,,,,,
18,Genetic Information Processing,C10_A,C10,15.24148886,,,,,,,,,
19,Metabolism,C10_A,C10,55.36842355,,,,,,,,,
20,Not Included in Pathway or Brite,C10_A,C10,6.216489992,,,,,,,,,
21,Other,C10_A,C10,0.714248605,,,,,,,,,
22,Brite Hierarchies,C10_B,C10,15.82164026,,,,,,,,,
23,Cellular Processes,C10_B,C10,3.151541897,,,,,,,,,
24,Environmental Information Processing,C10_B,C10,3.22038442,,,,,,,,,
25,Genetic Information Processing,C10_B,C10,15.44856981,,,,,,,,,
26,Metabolism,C10_B,C10,55.51350155,,,,,,,,,
27,Not Included in Pathway or Brite,C10_B,C10,6.137502131,,,,,,,,,
28,Other,C10_B,C10,0.706859929,,,,,,,,,
29,Brite Hierarchies,C10_C,C10,16.1310287,,,,,,,,,
30,Cellular Processes,C10_C,C10,3.214394245,,,,,,,,,
31,Environmental Information Processing,C10_C,C10,3.134336096,,,,,,,,,
32,Genetic Information Processing,C10_C,C10,15.73958406,,,,,,,,,
33,Metabolism,C10_C,C10,55.11645208,,,,,,,,,
34,Not Included in Pathway or Brite,C10_C,C10,5.91493698,,,,,,,,,
35,Other,C10_C,C10,0.749267834,,,,,,,,,
36,Brite Hierarchies,C11_A,C11,16.06843611,,,,,,,,,
37,Cellular Processes,C11_A,C11,2.76878167,,,,,,,,,
38,Environmental Information Processing,C11_A,C11,3.066223757,,,,,,,,,
39,Genetic Information Processing,C11_A,C11,15.6851728,,,,,,,,,
40,Metabolism,C11_A,C11,55.49901636,,,,,,,,,
41,Not Included in Pathway or Brite,C11_A,C11,6.224040846,,,,,,,,,
42,Other,C11_A,C11,0.688328455,,,,,,,,,
43,Brite Hierarchies,C11_B,C11,16.62471447,,,,,,,,,
44,Cellular Processes,C11_B,C11,2.845616105,,,,,,,,,
45,Environmental Information Processing,C11_B,C11,3.164416865,,,,,,,,,
46,Genetic Information Processing,C11_B,C11,16.00928126,,,,,,,,,
47,Metabolism,C11_B,C11,54.63544851,,,,,,,,,
48,Not Included in Pathway or Brite,C11_B,C11,5.96603243,,,,,,,,,
49,Other,C11_B,C11,0.754490358,,,,,,,,,
50,Brite Hierarchies,C11_C,C11,16.23970843,,,,,,,,,
51,Cellular Processes,C11_C,C11,2.911341804,,,,,,,,,
52,Environmental Information Processing,C11_C,C11,3.1825327,,,,,,,,,
53,Genetic Information Processing,C11_C,C11,16.17557249,,,,,,,,,
54,Metabolism,C11_C,C11,54.87647883,,,,,,,,,
55,Not Included in Pathway or Brite,C11_C,C11,5.851755175,,,,,,,,,
56,Other,C11_C,C11,0.762610577,,,,,,,,,
57,Brite Hierarchies,C12_A,C12,15.90463587,,,,,,,,,
58,Cellular Processes,C12_A,C12,2.810358594,,,,,,,,,
59,Environmental Information Processing,C12_A,C12,3.131955854,,,,,,,,,
60,Genetic Information Processing,C12_A,C12,16.29081614,,,,,,,,,
61,Metabolism,C12_A,C12,55.28016489,,,,,,,,,
62,Not Included in Pathway or Brite,C12_A,C12,5.871752777,,,,,,,,,
63,Other,C12_A,C12,0.710315879,,,,,,,,,
64,Brite Hierarchies,C12_B,C12,15.85740263,,,,,,,,,
65,Cellular Processes,C12_B,C12,2.794964821,,,,,,,,,
66,Environmental Information Processing,C12_B,C12,3.084717963,,,,,,,,,
67,Genetic Information Processing,C12_B,C12,16.29299456,,,,,,,,,
68,Metabolism,C12_B,C12,55.41785407,,,,,,,,,
69,Not Included in Pathway or Brite,C12_B,C12,5.854830624,,,,,,,,,
70,Other,C12_B,C12,0.697235335,,,,,,,,,
71,Brite Hierarchies,C12_C,C12,15.90662521,,,,,,,,,
72,Cellular Processes,C12_C,C12,2.937312851,,,,,,,,,
73,Environmental Information Processing,C12_C,C12,3.087303315,,,,,,,,,
74,Genetic Information Processing,C12_C,C12,15.96892516,,,,,,,,,
75,Metabolism,C12_C,C12,55.39421718,,,,,,,,,
76,Not Included in Pathway or Brite,C12_C,C12,6.016896293,,,,,,,,,
77,Other,C12_C,C12,0.688719987,,,,,,,,,
78,Brite Hierarchies,C2_A,C2,16.03534348,,,,,,,,,
79,Cellular Processes,C2_A,C2,3.299330261,,,,,,,,,
80,Environmental Information Processing,C2_A,C2,3.278661415,,,,,,,,,
81,Genetic Information Processing,C2_A,C2,15.45346452,,,,,,,,,
82,Metabolism,C2_A,C2,55.05921357,,,,,,,,,
83,Not Included in Pathway or Brite,C2_A,C2,6.127597048,,,,,,,,,
84,Other,C2_A,C2,0.746389708,,,,,,,,,
85,Brite Hierarchies,C2_B,C2,16.10323428,,,,,,,,,
86,Cellular Processes,C2_B,C2,3.028139735,,,,,,,,,
87,Environmental Information Processing,C2_B,C2,3.240819003,,,,,,,,,
88,Genetic Information Processing,C2_B,C2,15.86574175,,,,,,,,,
89,Metabolism,C2_B,C2,54.9776545,,,,,,,,,
90,Not Included in Pathway or Brite,C2_B,C2,6.035705807,,,,,,,,,
91,Other,C2_B,C2,0.74870492,,,,,,,,,
92,Brite Hierarchies,C2_C,C2,16.32974543,,,,,,,,,
93,Cellular Processes,C2_C,C2,2.426192733,,,,,,,,,
94,Environmental Information Processing,C2_C,C2,3.143955311,,,,,,,,,
95,Genetic Information Processing,C2_C,C2,16.29682682,,,,,,,,,
96,Metabolism,C2_C,C2,55.05781329,,,,,,,,,
97,Not Included in Pathway or Brite,C2_C,C2,6.035106129,,,,,,,,,
98,Other,C2_C,C2,0.71036029,,,,,,,,,
99,Brite Hierarchies,C3_A,C3,16.61926488,,,,,,,,,
100,Cellular Processes,C3_A,C3,3.405999698,,,,,,,,,
101,Environmental Information Processing,C3_A,C3,3.433576017,,,,,,,,,
102,Genetic Information Processing,C3_A,C3,14.84716434,,,,,,,,,
103,Metabolism,C3_A,C3,54.53276282,,,,,,,,,
104,Not Included in Pathway or Brite,C3_A,C3,6.394571001,,,,,,,,,
105,Other,C3_A,C3,0.766661239,,,,,,,,,
106,Brite Hierarchies,C3_B,C3,16.05535479,,,,,,,,,
107,Cellular Processes,C3_B,C3,3.230869369,,,,,,,,,
108,Environmental Information Processing,C3_B,C3,3.247030948,,,,,,,,,
109,Genetic Information Processing,C3_B,C3,15.67217096,,,,,,,,,
110,Metabolism,C3_B,C3,54.98799399,,,,,,,,,
111,Not Included in Pathway or Brite,C3_B,C3,6.059194669,,,,,,,,,
112,Other,C3_B,C3,0.747385269,,,,,,,,,
113,Brite Hierarchies,C3_C,C3,16.23335488,,,,,,,,,
114,Cellular Processes,C3_C,C3,3.711037437,,,,,,,,,
115,Environmental Information Processing,C3_C,C3,3.179728506,,,,,,,,,
116,Genetic Information Processing,C3_C,C3,15.97825496,,,,,,,,,
117,Metabolism,C3_C,C3,54.53176988,,,,,,,,,
118,Not Included in Pathway or Brite,C3_C,C3,5.599560737,,,,,,,,,
119,Other,C3_C,C3,0.766293601,,,,,,,,,
120,Brite Hierarchies,C4_A,C4,16.24993226,,,,,,,,,
121,Cellular Processes,C4_A,C4,2.848815417,,,,,,,,,
122,Environmental Information Processing,C4_A,C4,3.16017272,,,,,,,,,
123,Genetic Information Processing,C4_A,C4,16.32395173,,,,,,,,,
124,Metabolism,C4_A,C4,54.83057377,,,,,,,,,
125,Not Included in Pathway or Brite,C4_A,C4,5.846736398,,,,,,,,,
126,Other,C4_A,C4,0.739817704,,,,,,,,,
127,Brite Hierarchies,C4_B,C4,16.0372948,,,,,,,,,
128,Cellular Processes,C4_B,C4,2.896628719,,,,,,,,,
129,Environmental Information Processing,C4_B,C4,3.123659807,,,,,,,,,
130,Genetic Information Processing,C4_B,C4,16.37616168,,,,,,,,,
131,Metabolism,C4_B,C4,55.00690369,,,,,,,,,
132,Not Included in Pathway or Brite,C4_B,C4,5.824580677,,,,,,,,,
133,Other,C4_B,C4,0.734770624,,,,,,,,,
134,Brite Hierarchies,C4_C,C4,16.10818944,,,,,,,,,
135,Cellular Processes,C4_C,C4,2.621332158,,,,,,,,,
136,Environmental Information Processing,C4_C,C4,3.058728885,,,,,,,,,
137,Genetic Information Processing,C4_C,C4,16.63685453,,,,,,,,,
138,Metabolism,C4_C,C4,55.05696088,,,,,,,,,
139,Not Included in Pathway or Brite,C4_C,C4,5.776248539,,,,,,,,,
140,Other,C4_C,C4,0.741685563,,,,,,,,,
141,Brite Hierarchies,C5_A,C5,16.10742119,,,,,,,,,
142,Cellular Processes,C5_A,C5,3.129881794,,,,,,,,,
143,Environmental Information Processing,C5_A,C5,3.15805432,,,,,,,,,
144,Genetic Information Processing,C5_A,C5,15.83558034,,,,,,,,,
145,Metabolism,C5_A,C5,54.97838559,,,,,,,,,
146,Not Included in Pathway or Brite,C5_A,C5,6.044818582,,,,,,,,,
147,Other,C5_A,C5,0.745858186,,,,,,,,,
148,Brite Hierarchies,C5_B,C5,16.47720973,,,,,,,,,
149,Cellular Processes,C5_B,C5,2.581849794,,,,,,,,,
150,Environmental Information Processing,C5_B,C5,2.991600216,,,,,,,,,
151,Genetic Information Processing,C5_B,C5,16.55632339,,,,,,,,,
152,Metabolism,C5_B,C5,54.79764933,,,,,,,,,
153,Not Included in Pathway or Brite,C5_B,C5,5.865445919,,,,,,,,,
154,Other,C5_B,C5,0.72992162,,,,,,,,,
155,Brite Hierarchies,C5_C,C5,16.33668102,,,,,,,,,
156,Cellular Processes,C5_C,C5,2.439298862,,,,,,,,,
157,Environmental Information Processing,C5_C,C5,3.013388739,,,,,,,,,
158,Genetic Information Processing,C5_C,C5,16.61115584,,,,,,,,,
159,Metabolism,C5_C,C5,55.05692512,,,,,,,,,
160,Not Included in Pathway or Brite,C5_C,C5,5.795096632,,,,,,,,,
161,Other,C5_C,C5,0.747453793,,,,,,,,,
162,Brite Hierarchies,C6_B,C6,16.81325257,,,,,,,,,
163,Cellular Processes,C6_B,C6,3.014632963,,,,,,,,,
164,Environmental Information Processing,C6_B,C6,3.19240075,,,,,,,,,
165,Genetic Information Processing,C6_B,C6,15.68718187,,,,,,,,,
166,Metabolism,C6_B,C6,54.40177039,,,,,,,,,
167,Not Included in Pathway or Brite,C6_B,C6,6.13282014,,,,,,,,,
168,Other,C6_B,C6,0.757941314,,,,,,,,,
169,Brite Hierarchies,C6_C,C6,16.1545975,,,,,,,,,
170,Cellular Processes,C6_C,C6,3.084429442,,,,,,,,,
171,Environmental Information Processing,C6_C,C6,3.266792831,,,,,,,,,
172,Genetic Information Processing,C6_C,C6,15.72142091,,,,,,,,,
173,Metabolism,C6_C,C6,54.93900598,,,,,,,,,
174,Not Included in Pathway or Brite,C6_C,C6,6.100658675,,,,,,,,,
175,Other,C6_C,C6,0.733094668,,,,,,,,,
176,Brite Hierarchies,C7_A,C7,15.42686957,,,,,,,,,
177,Cellular Processes,C7_A,C7,3.122787185,,,,,,,,,
178,Environmental Information Processing,C7_A,C7,3.211443868,,,,,,,,,
179,Genetic Information Processing,C7_A,C7,15.43849268,,,,,,,,,
180,Metabolism,C7_A,C7,55.96067889,,,,,,,,,
181,Not Included in Pathway or Brite,C7_A,C7,6.223226935,,,,,,,,,
182,Other,C7_A,C7,0.616500863,,,,,,,,,
183,Brite Hierarchies,C7_B,C7,15.735533,,,,,,,,,
184,Cellular Processes,C7_B,C7,2.992058909,,,,,,,,,
185,Environmental Information Processing,C7_B,C7,3.073479275,,,,,,,,,
186,Genetic Information Processing,C7_B,C7,16.19801318,,,,,,,,,
187,Metabolism,C7_B,C7,55.47958745,,,,,,,,,
188,Not Included in Pathway or Brite,C7_B,C7,5.828834795,,,,,,,,,
189,Other,C7_B,C7,0.692493398,,,,,,,,,
190,Brite Hierarchies,C7_C,C7,15.74694765,,,,,,,,,
191,Cellular Processes,C7_C,C7,2.741327735,,,,,,,,,
192,Environmental Information Processing,C7_C,C7,3.088712331,,,,,,,,,
193,Genetic Information Processing,C7_C,C7,16.55911763,,,,,,,,,
194,Metabolism,C7_C,C7,55.41225684,,,,,,,,,
195,Not Included in Pathway or Brite,C7_C,C7,5.762617763,,,,,,,,,
196,Other,C7_C,C7,0.689020046,,,,,,,,,
197,Brite Hierarchies,C8_A,C8,16.07592086,,,,,,,,,
198,Cellular Processes,C8_A,C8,3.044533719,,,,,,,,,
199,Environmental Information Processing,C8_A,C8,3.074876352,,,,,,,,,
200,Genetic Information Processing,C8_A,C8,15.63566305,,,,,,,,,
201,Metabolism,C8_A,C8,55.28402294,,,,,,,,,
202,Not Included in Pathway or Brite,C8_A,C8,6.144907593,,,,,,,,,
203,Other,C8_A,C8,0.740075481,,,,,,,,,
204,Brite Hierarchies,C8_B,C8,16.12258028,,,,,,,,,
205,Cellular Processes,C8_B,C8,2.700767771,,,,,,,,,
206,Environmental Information Processing,C8_B,C8,3.004677807,,,,,,,,,
207,Genetic Information Processing,C8_B,C8,16.22920846,,,,,,,,,
208,Metabolism,C8_B,C8,55.18994516,,,,,,,,,
209,Not Included in Pathway or Brite,C8_B,C8,6.040523436,,,,,,,,,
210,Other,C8_B,C8,0.712297078,,,,,,,,,
211,Brite Hierarchies,C8_C,C8,16.2131725,,,,,,,,,
212,Cellular Processes,C8_C,C8,2.529474295,,,,,,,,,
213,Environmental Information Processing,C8_C,C8,3.063621438,,,,,,,,,
214,Genetic Information Processing,C8_C,C8,16.46713271,,,,,,,,,
215,Metabolism,C8_C,C8,55.11238555,,,,,,,,,
216,Not Included in Pathway or Brite,C8_C,C8,5.894579875,,,,,,,,,
217,Other,C8_C,C8,0.719633637,,,,,,,,,
218,Brite Hierarchies,C9_A,C9,16.18699103,,,,,,,,,
219,Cellular Processes,C9_A,C9,3.025871275,,,,,,,,,
220,Environmental Information Processing,C9_A,C9,3.314035309,,,,,,,,,
221,Genetic Information Processing,C9_A,C9,15.82305381,,,,,,,,,
222,Metabolism,C9_A,C9,54.85904047,,,,,,,,,
223,Not Included in Pathway or Brite,C9_A,C9,6.052814408,,,,,,,,,
224,Other,C9_A,C9,0.738193704,,,,,,,,,
225,Brite Hierarchies,C9_B,C9,16.32311506,,,,,,,,,
226,Cellular Processes,C9_B,C9,3.277003234,,,,,,,,,
227,Environmental Information Processing,C9_B,C9,3.432292486,,,,,,,,,
228,Genetic Information Processing,C9_B,C9,15.67550588,,,,,,,,,
229,Metabolism,C9_B,C9,54.57197318,,,,,,,,,
230,Not Included in Pathway or Brite,C9_B,C9,5.978067441,,,,,,,,,
231,Other,C9_B,C9,0.742042725,,,,,,,,,
232,Brite Hierarchies,C9_C,C9,16.01079969,,,,,,,,,
233,Cellular Processes,C9_C,C9,2.88740462,,,,,,,,,
234,Environmental Information Processing,C9_C,C9,3.147471767,,,,,,,,,
235,Genetic Information Processing,C9_C,C9,16.46039148,,,,,,,,,
236,Metabolism,C9_C,C9,54.97278193,,,,,,,,,
237,Not Included in Pathway or Brite,C9_C,C9,5.802001023,,,,,,,,,
238,Other,C9_C,C9,0.719149483,,,,,,,,,
239,Brite Hierarchies,J1_A,J1,16.26319113,,,,,,,,,
240,Cellular Processes,J1_A,J1,4.494734514,,,,,,,,,
241,Environmental Information Processing,J1_A,J1,3.288275258,,,,,,,,,
242,Genetic Information Processing,J1_A,J1,14.1828951,,,,,,,,,
243,Metabolism,J1_A,J1,54.83500225,,,,,,,,,
244,Not Included in Pathway or Brite,J1_A,J1,6.136944523,,,,,,,,,
245,Other,J1_A,J1,0.798957234,,,,,,,,,
246,Brite Hierarchies,J1_B,J1,16.18558873,,,,,,,,,
247,Cellular Processes,J1_B,J1,4.345369661,,,,,,,,,
248,Environmental Information Processing,J1_B,J1,3.380443561,,,,,,,,,
249,Genetic Information Processing,J1_B,J1,13.9743359,,,,,,,,,
250,Metabolism,J1_B,J1,55.05663652,,,,,,,,,
251,Not Included in Pathway or Brite,J1_B,J1,6.264474355,,,,,,,,,
252,Other,J1_B,J1,0.793151267,,,,,,,,,
253,Brite Hierarchies,J1_C,J1,16.82173859,,,,,,,,,
254,Cellular Processes,J1_C,J1,5.143687111,,,,,,,,,
255,Environmental Information Processing,J1_C,J1,3.115975502,,,,,,,,,
256,Genetic Information Processing,J1_C,J1,16.2221737,,,,,,,,,
257,Metabolism,J1_C,J1,52.96480067,,,,,,,,,
258,Not Included in Pathway or Brite,J1_C,J1,4.976226974,,,,,,,,,
259,Other,J1_C,J1,0.755397446,,,,,,,,,
260,Brite Hierarchies,J10_A,J10,16.28384854,,,,,,,,,
261,Cellular Processes,J10_A,J10,4.379024947,,,,,,,,,
262,Environmental Information Processing,J10_A,J10,3.285591827,,,,,,,,,
263,Genetic Information Processing,J10_A,J10,14.32896147,,,,,,,,,
264,Metabolism,J10_A,J10,54.82054739,,,,,,,,,
265,Not Included in Pathway or Brite,J10_A,J10,6.108513956,,,,,,,,,
266,Other,J10_A,J10,0.793511866,,,,,,,,,
267,Brite Hierarchies,J10_B,J10,16.22740277,,,,,,,,,
268,Cellular Processes,J10_B,J10,4.44163391,,,,,,,,,
269,Environmental Information Processing,J10_B,J10,3.235015874,,,,,,,,,
270,Genetic Information Processing,J10_B,J10,14.56035702,,,,,,,,,
271,Metabolism,J10_B,J10,54.82999715,,,,,,,,,
272,Not Included in Pathway or Brite,J10_B,J10,5.903966813,,,,,,,,,
273,Other,J10_B,J10,0.801626468,,,,,,,,,
274,Brite Hierarchies,J10_C,J10,16.24551055,,,,,,,,,
275,Cellular Processes,J10_C,J10,4.863442051,,,,,,,,,
276,Environmental Information Processing,J10_C,J10,3.191903373,,,,,,,,,
277,Genetic Information Processing,J10_C,J10,14.91078923,,,,,,,,,
278,Metabolism,J10_C,J10,54.33481442,,,,,,,,,
279,Not Included in Pathway or Brite,J10_C,J10,5.60785587,,,,,,,,,
280,Other,J10_C,J10,0.845684506,,,,,,,,,
281,Brite Hierarchies,J11_A,J11,16.16317006,,,,,,,,,
282,Cellular Processes,J11_A,J11,4.436637252,,,,,,,,,
283,Environmental Information Processing,J11_A,J11,3.285295076,,,,,,,,,
284,Genetic Information Processing,J11_A,J11,14.26571919,,,,,,,,,
285,Metabolism,J11_A,J11,54.96017135,,,,,,,,,
286,Not Included in Pathway or Brite,J11_A,J11,6.075784319,,,,,,,,,
287,Other,J11_A,J11,0.813222759,,,,,,,,,
288,Brite Hierarchies,J11_B,J11,16.53336687,,,,,,,,,
289,Cellular Processes,J11_B,J11,4.718904125,,,,,,,,,
290,Environmental Information Processing,J11_B,J11,3.245036779,,,,,,,,,
291,Genetic Information Processing,J11_B,J11,14.52327187,,,,,,,,,
292,Metabolism,J11_B,J11,54.35395487,,,,,,,,,
293,Not Included in Pathway or Brite,J11_B,J11,5.807579883,,,,,,,,,
294,Other,J11_B,J11,0.817885596,,,,,,,,,
295,Brite Hierarchies,J11_C,J11,16.44046474,,,,,,,,,
296,Cellular Processes,J11_C,J11,4.986369399,,,,,,,,,
297,Environmental Information Processing,J11_C,J11,3.194186504,,,,,,,,,
298,Genetic Information Processing,J11_C,J11,15.23774565,,,,,,,,,
299,Metabolism,J11_C,J11,53.85643836,,,,,,,,,
300,Not Included in Pathway or Brite,J11_C,J11,5.454677151,,,,,,,,,
301,Other,J11_C,J11,0.830118195,,,,,,,,,
302,Brite Hierarchies,J12_A,J12,16.514641,,,,,,,,,
303,Cellular Processes,J12_A,J12,4.630547013,,,,,,,,,
304,Environmental Information Processing,J12_A,J12,3.21481311,,,,,,,,,
305,Genetic Information Processing,J12_A,J12,14.56661879,,,,,,,,,
306,Metabolism,J12_A,J12,54.46330751,,,,,,,,,
307,Not Included in Pathway or Brite,J12_A,J12,5.797162428,,,,,,,,,
308,Other,J12_A,J12,0.812910151,,,,,,,,,
309,Brite Hierarchies,J12_B,J12,16.20328517,,,,,,,,,
310,Cellular Processes,J12_B,J12,4.550924604,,,,,,,,,
311,Environmental Information Processing,J12_B,J12,3.26466219,,,,,,,,,
312,Genetic Information Processing,J12_B,J12,14.58249744,,,,,,,,,
313,Metabolism,J12_B,J12,54.6848925,,,,,,,,,
314,Not Included in Pathway or Brite,J12_B,J12,5.883207564,,,,,,,,,
315,Other,J12_B,J12,0.830530525,,,,,,,,,
316,Brite Hierarchies,J12_C,J12,16.33585515,,,,,,,,,
317,Cellular Processes,J12_C,J12,4.70694703,,,,,,,,,
318,Environmental Information Processing,J12_C,J12,3.248695792,,,,,,,,,
319,Genetic Information Processing,J12_C,J12,14.91205968,,,,,,,,,
320,Metabolism,J12_C,J12,54.28891576,,,,,,,,,
321,Not Included in Pathway or Brite,J12_C,J12,5.68843322,,,,,,,,,
322,Other,J12_C,J12,0.81909336,,,,,,,,,
323,Brite Hierarchies,J13_A,J13,15.81722223,,,,,,,,,
324,Cellular Processes,J13_A,J13,4.499645343,,,,,,,,,
325,Environmental Information Processing,J13_A,J13,3.297431786,,,,,,,,,
326,Genetic Information Processing,J13_A,J13,13.76916264,,,,,,,,,
327,Metabolism,J13_A,J13,55.3643028,,,,,,,,,
328,Not Included in Pathway or Brite,J13_A,J13,6.456586499,,,,,,,,,
329,Other,J13_A,J13,0.795648702,,,,,,,,,
330,Brite Hierarchies,J13_B,J13,16.33933226,,,,,,,,,
331,Cellular Processes,J13_B,J13,4.611354455,,,,,,,,,
332,Environmental Information Processing,J13_B,J13,3.229279572,,,,,,,,,
333,Genetic Information Processing,J13_B,J13,14.61579538,,,,,,,,,
334,Metabolism,J13_B,J13,54.51380602,,,,,,,,,
335,Not Included in Pathway or Brite,J13_B,J13,5.920801735,,,,,,,,,
336,Other,J13_B,J13,0.769630582,,,,,,,,,
337,Brite Hierarchies,J13_C,J13,16.97537806,,,,,,,,,
338,Cellular Processes,J13_C,J13,5.079581386,,,,,,,,,
339,Environmental Information Processing,J13_C,J13,3.09839476,,,,,,,,,
340,Genetic Information Processing,J13_C,J13,16.07594872,,,,,,,,,
341,Metabolism,J13_C,J13,52.99044843,,,,,,,,,
342,Not Included in Pathway or Brite,J13_C,J13,5.071973,,,,,,,,,
343,Other,J13_C,J13,0.708275642,,,,,,,,,
344,Brite Hierarchies,J14_A,J14,16.16905581,,,,,,,,,
345,Cellular Processes,J14_A,J14,4.596436233,,,,,,,,,
346,Environmental Information Processing,J14_A,J14,3.286323437,,,,,,,,,
347,Genetic Information Processing,J14_A,J14,14.20541831,,,,,,,,,
348,Metabolism,J14_A,J14,54.88102607,,,,,,,,,
349,Not Included in Pathway or Brite,J14_A,J14,6.017149175,,,,,,,,,
350,Other,J14_A,J14,0.844590959,,,,,,,,,
351,Brite Hierarchies,J14_B,J14,16.36188209,,,,,,,,,
352,Cellular Processes,J14_B,J14,5.011214001,,,,,,,,,
353,Environmental Information Processing,J14_B,J14,3.153638755,,,,,,,,,
354,Genetic Information Processing,J14_B,J14,14.86395601,,,,,,,,,
355,Metabolism,J14_B,J14,54.21118072,,,,,,,,,
356,Not Included in Pathway or Brite,J14_B,J14,5.521881301,,,,,,,,,
357,Other,J14_B,J14,0.876247117,,,,,,,,,
358,Brite Hierarchies,J14_C,J14,16.70490102,,,,,,,,,
359,Cellular Processes,J14_C,J14,4.884385492,,,,,,,,,
360,Environmental Information Processing,J14_C,J14,3.165765521,,,,,,,,,
361,Genetic Information Processing,J14_C,J14,15.33318027,,,,,,,,,
362,Metabolism,J14_C,J14,53.76821551,,,,,,,,,
363,Not Included in Pathway or Brite,J14_C,J14,5.387047327,,,,,,,,,
364,Other,J14_C,J14,0.756504872,,,,,,,,,
365,Brite Hierarchies,J15_A,J15,16.29547488,,,,,,,,,
366,Cellular Processes,J15_A,J15,5.079955494,,,,,,,,,
367,Environmental Information Processing,J15_A,J15,3.218955005,,,,,,,,,
368,Genetic Information Processing,J15_A,J15,14.86291578,,,,,,,,,
369,Metabolism,J15_A,J15,54.03501545,,,,,,,,,
370,Not Included in Pathway or Brite,J15_A,J15,5.616628318,,,,,,,,,
371,Other,J15_A,J15,0.891055073,,,,,,,,,
372,Brite Hierarchies,J15_B,J15,16.59585159,,,,,,,,,
373,Cellular Processes,J15_B,J15,5.021755192,,,,,,,,,
374,Environmental Information Processing,J15_B,J15,3.198890711,,,,,,,,,
375,Genetic Information Processing,J15_B,J15,15.74425129,,,,,,,,,
376,Metabolism,J15_B,J15,53.40651509,,,,,,,,,
377,Not Included in Pathway or Brite,J15_B,J15,5.239772186,,,,,,,,,
378,Other,J15_B,J15,0.792963938,,,,,,,,,
379,Brite Hierarchies,J15_C,J15,16.2254686,,,,,,,,,
380,Cellular Processes,J15_C,J15,4.969618204,,,,,,,,,
381,Environmental Information Processing,J15_C,J15,3.214568439,,,,,,,,,
382,Genetic Information Processing,J15_C,J15,14.88801138,,,,,,,,,
383,Metabolism,J15_C,J15,54.16701531,,,,,,,,,
384,Not Included in Pathway or Brite,J15_C,J15,5.66569286,,,,,,,,,
385,Other,J15_C,J15,0.869625204,,,,,,,,,
386,Brite Hierarchies,J16_A,J16,16.06484463,,,,,,,,,
387,Cellular Processes,J16_A,J16,4.807489595,,,,,,,,,
388,Environmental Information Processing,J16_A,J16,3.234134445,,,,,,,,,
389,Genetic Information Processing,J16_A,J16,14.06565036,,,,,,,,,
390,Metabolism,J16_A,J16,54.99760498,,,,,,,,,
391,Not Included in Pathway or Brite,J16_A,J16,5.947209207,,,,,,,,,
392,Other,J16_A,J16,0.883066794,,,,,,,,,
393,Brite Hierarchies,J16_B,J16,16.8026886,,,,,,,,,
394,Cellular Processes,J16_B,J16,4.918114845,,,,,,,,,
395,Environmental Information Processing,J16_B,J16,3.241160084,,,,,,,,,
396,Genetic Information Processing,J16_B,J16,16.17426229,,,,,,,,,
397,Metabolism,J16_B,J16,53.06494911,,,,,,,,,
398,Not Included in Pathway or Brite,J16_B,J16,5.080493311,,,,,,,,,
399,Other,J16_B,J16,0.718331752,,,,,,,,,
400,Brite Hierarchies,J16_C,J16,16.79477563,,,,,,,,,
401,Cellular Processes,J16_C,J16,5.085301467,,,,,,,,,
402,Environmental Information Processing,J16_C,J16,3.130033602,,,,,,,,,
403,Genetic Information Processing,J16_C,J16,15.64515457,,,,,,,,,
404,Metabolism,J16_C,J16,53.40026273,,,,,,,,,
405,Not Included in Pathway or Brite,J16_C,J16,5.170578618,,,,,,,,,
406,Other,J16_C,J16,0.773893377,,,,,,,,,
407,Brite Hierarchies,J17_A,J17,16.36687176,,,,,,,,,
408,Cellular Processes,J17_A,J17,4.833792231,,,,,,,,,
409,Environmental Information Processing,J17_A,J17,3.150790829,,,,,,,,,
410,Genetic Information Processing,J17_A,J17,14.73479968,,,,,,,,,
411,Metabolism,J17_A,J17,54.43127117,,,,,,,,,
412,Not Included in Pathway or Brite,J17_A,J17,5.618453161,,,,,,,,,
413,Other,J17_A,J17,0.864021174,,,,,,,,,
414,Brite Hierarchies,J17_B,J17,16.12415916,,,,,,,,,
415,Cellular Processes,J17_B,J17,4.916444651,,,,,,,,,
416,Environmental Information Processing,J17_B,J17,3.147708761,,,,,,,,,
417,Genetic Information Processing,J17_B,J17,14.441764,,,,,,,,,
418,Metabolism,J17_B,J17,54.76716003,,,,,,,,,
419,Not Included in Pathway or Brite,J17_B,J17,5.698078997,,,,,,,,,
420,Other,J17_B,J17,0.904684396,,,,,,,,,
421,Brite Hierarchies,J17_C,J17,16.24473749,,,,,,,,,
422,Cellular Processes,J17_C,J17,5.119815371,,,,,,,,,
423,Environmental Information Processing,J17_C,J17,3.175953989,,,,,,,,,
424,Genetic Information Processing,J17_C,J17,15.06094788,,,,,,,,,
425,Metabolism,J17_C,J17,54.03977029,,,,,,,,,
426,Not Included in Pathway or Brite,J17_C,J17,5.463062053,,,,,,,,,
427,Other,J17_C,J17,0.89571293,,,,,,,,,
428,Brite Hierarchies,J18_A,J18,16.22083629,,,,,,,,,
429,Cellular Processes,J18_A,J18,4.489341659,,,,,,,,,
430,Environmental Information Processing,J18_A,J18,3.319509699,,,,,,,,,
431,Genetic Information Processing,J18_A,J18,14.11139364,,,,,,,,,
432,Metabolism,J18_A,J18,54.88760819,,,,,,,,,
433,Not Included in Pathway or Brite,J18_A,J18,6.121223491,,,,,,,,,
434,Other,J18_A,J18,0.850087034,,,,,,,,,
435,Brite Hierarchies,J18_B,J18,16.05278632,,,,,,,,,
436,Cellular Processes,J18_B,J18,4.486477453,,,,,,,,,
437,Environmental Information Processing,J18_B,J18,3.313859853,,,,,,,,,
438,Genetic Information Processing,J18_B,J18,14.12490958,,,,,,,,,
439,Metabolism,J18_B,J18,55.02188833,,,,,,,,,
440,Not Included in Pathway or Brite,J18_B,J18,6.128873027,,,,,,,,,
441,Other,J18_B,J18,0.871205436,,,,,,,,,
442,Brite Hierarchies,J18_C,J18,16.15323107,,,,,,,,,
443,Cellular Processes,J18_C,J18,4.849344452,,,,,,,,,
444,Environmental Information Processing,J18_C,J18,3.222894866,,,,,,,,,
445,Genetic Information Processing,J18_C,J18,14.99710877,,,,,,,,,
446,Metabolism,J18_C,J18,54.26415149,,,,,,,,,
447,Not Included in Pathway or Brite,J18_C,J18,5.644909882,,,,,,,,,
448,Other,J18_C,J18,0.868359469,,,,,,,,,
449,Brite Hierarchies,J19_A,J19,16.13411252,,,,,,,,,
450,Cellular Processes,J19_A,J19,4.538077497,,,,,,,,,
451,Environmental Information Processing,J19_A,J19,3.282180783,,,,,,,,,
452,Genetic Information Processing,J19_A,J19,14.16501455,,,,,,,,,
453,Metabolism,J19_A,J19,54.97223236,,,,,,,,,
454,Not Included in Pathway or Brite,J19_A,J19,6.072839945,,,,,,,,,
455,Other,J19_A,J19,0.835542339,,,,,,,,,
456,Brite Hierarchies,J19_B,J19,16.55019668,,,,,,,,,
457,Cellular Processes,J19_B,J19,5.098205845,,,,,,,,,
458,Environmental Information Processing,J19_B,J19,3.256359053,,,,,,,,,
459,Genetic Information Processing,J19_B,J19,14.67661407,,,,,,,,,
460,Metabolism,J19_B,J19,54.09924302,,,,,,,,,
461,Not Included in Pathway or Brite,J19_B,J19,5.455389253,,,,,,,,,
462,Other,J19_B,J19,0.863992084,,,,,,,,,
463,Brite Hierarchies,J19_C,J19,16.42397862,,,,,,,,,
464,Cellular Processes,J19_C,J19,5.125789799,,,,,,,,,
465,Environmental Information Processing,J19_C,J19,3.209472891,,,,,,,,,
466,Genetic Information Processing,J19_C,J19,15.58467023,,,,,,,,,
467,Metabolism,J19_C,J19,53.49572296,,,,,,,,,
468,Not Included in Pathway or Brite,J19_C,J19,5.300078552,,,,,,,,,
469,Other,J19_C,J19,0.860286944,,,,,,,,,
470,Brite Hierarchies,J2_A,J2,15.97932626,,,,,,,,,
471,Cellular Processes,J2_A,J2,4.385861524,,,,,,,,,
472,Environmental Information Processing,J2_A,J2,3.262349939,,,,,,,,,
473,Genetic Information Processing,J2_A,J2,14.0908302,,,,,,,,,
474,Metabolism,J2_A,J2,55.33159489,,,,,,,,,
475,Not Included in Pathway or Brite,J2_A,J2,6.11812483,,,,,,,,,
476,Other,J2_A,J2,0.831912353,,,,,,,,,
477,Brite Hierarchies,J2_B,J2,16.39338375,,,,,,,,,
478,Cellular Processes,J2_B,J2,4.605516177,,,,,,,,,
479,Environmental Information Processing,J2_B,J2,3.269338968,,,,,,,,,
480,Genetic Information Processing,J2_B,J2,14.49338854,,,,,,,,,
481,Metabolism,J2_B,J2,54.52993603,,,,,,,,,
482,Not Included in Pathway or Brite,J2_B,J2,5.880458362,,,,,,,,,
483,Other,J2_B,J2,0.827978181,,,,,,,,,
484,Brite Hierarchies,J2_C,J2,16.2394056,,,,,,,,,
485,Cellular Processes,J2_C,J2,4.653049806,,,,,,,,,
486,Environmental Information Processing,J2_C,J2,3.214683472,,,,,,,,,
487,Genetic Information Processing,J2_C,J2,14.60048356,,,,,,,,,
488,Metabolism,J2_C,J2,54.70331958,,,,,,,,,
489,Not Included in Pathway or Brite,J2_C,J2,5.737650828,,,,,,,,,
490,Other,J2_C,J2,0.851407152,,,,,,,,,
491,Brite Hierarchies,J20_A,J20,16.68434178,,,,,,,,,
492,Cellular Processes,J20_A,J20,4.585476612,,,,,,,,,
493,Environmental Information Processing,J20_A,J20,3.358477537,,,,,,,,,
494,Genetic Information Processing,J20_A,J20,14.44071945,,,,,,,,,
495,Metabolism,J20_A,J20,54.22071603,,,,,,,,,
496,Not Included in Pathway or Brite,J20_A,J20,5.890954556,,,,,,,,,
497,Other,J20_A,J20,0.81931404,,,,,,,,,
498,Brite Hierarchies,J20_B,J20,16.11636145,,,,,,,,,
499,Cellular Processes,J20_B,J20,5.07175011,,,,,,,,,
500,Environmental Information Processing,J20_B,J20,3.229370608,,,,,,,,,
501,Genetic Information Processing,J20_B,J20,14.64901206,,,,,,,,,
502,Metabolism,J20_B,J20,54.35280781,,,,,,,,,
503,Not Included in Pathway or Brite,J20_B,J20,5.639662004,,,,,,,,,
504,Other,J20_B,J20,0.941035953,,,,,,,,,
505,Brite Hierarchies,J20_C,J20,16.22825998,,,,,,,,,
506,Cellular Processes,J20_C,J20,4.904623101,,,,,,,,,
507,Environmental Information Processing,J20_C,J20,3.190299818,,,,,,,,,
508,Genetic Information Processing,J20_C,J20,15.53033032,,,,,,,,,
509,Metabolism,J20_C,J20,53.94934683,,,,,,,,,
510,Not Included in Pathway or Brite,J20_C,J20,5.343309679,,,,,,,,,
511,Other,J20_C,J20,0.853830274,,,,,,,,,
512,Brite Hierarchies,J21_A,J21,15.70504993,,,,,,,,,
513,Cellular Processes,J21_A,J21,4.948898455,,,,,,,,,
514,Environmental Information Processing,J21_A,J21,3.29773186,,,,,,,,,
515,Genetic Information Processing,J21_A,J21,14.15456799,,,,,,,,,
516,Metabolism,J21_A,J21,54.95373673,,,,,,,,,
517,Not Included in Pathway or Brite,J21_A,J21,5.965412996,,,,,,,,,
518,Other,J21_A,J21,0.974602028,,,,,,,,,
519,Brite Hierarchies,J21_B,J21,16.24727084,,,,,,,,,
520,Cellular Processes,J21_B,J21,5.074988775,,,,,,,,,
521,Environmental Information Processing,J21_B,J21,3.24835586,,,,,,,,,
522,Genetic Information Processing,J21_B,J21,14.47395234,,,,,,,,,
523,Metabolism,J21_B,J21,54.31103856,,,,,,,,,
524,Not Included in Pathway or Brite,J21_B,J21,5.731673419,,,,,,,,,
525,Other,J21_B,J21,0.912720201,,,,,,,,,
526,Brite Hierarchies,J21_C,J21,16.6676859,,,,,,,,,
527,Cellular Processes,J21_C,J21,5.201676162,,,,,,,,,
528,Environmental Information Processing,J21_C,J21,3.121843921,,,,,,,,,
529,Genetic Information Processing,J21_C,J21,15.72763555,,,,,,,,,
530,Metabolism,J21_C,J21,53.30321135,,,,,,,,,
531,Not Included in Pathway or Brite,J21_C,J21,5.169569618,,,,,,,,,
532,Other,J21_C,J21,0.808377497,,,,,,,,,
533,Brite Hierarchies,J22_A,J22,16.70982505,,,,,,,,,
534,Cellular Processes,J22_A,J22,4.807159255,,,,,,,,,
535,Environmental Information Processing,J22_A,J22,3.161033794,,,,,,,,,
536,Genetic Information Processing,J22_A,J22,14.83540633,,,,,,,,,
537,Metabolism,J22_A,J22,54.07853068,,,,,,,,,
538,Not Included in Pathway or Brite,J22_A,J22,5.608556214,,,,,,,,,
539,Other,J22_A,J22,0.799488678,,,,,,,,,
540,Brite Hierarchies,J22_B,J22,16.11289976,,,,,,,,,
541,Cellular Processes,J22_B,J22,4.826428632,,,,,,,,,
542,Environmental Information Processing,J22_B,J22,3.202246087,,,,,,,,,
543,Genetic Information Processing,J22_B,J22,14.34110599,,,,,,,,,
544,Metabolism,J22_B,J22,54.80472293,,,,,,,,,
545,Not Included in Pathway or Brite,J22_B,J22,5.829955573,,,,,,,,,
546,Other,J22_B,J22,0.882641029,,,,,,,,,
547,Brite Hierarchies,J22_C,J22,16.77678636,,,,,,,,,
548,Cellular Processes,J22_C,J22,5.064354326,,,,,,,,,
549,Environmental Information Processing,J22_C,J22,3.296757254,,,,,,,,,
550,Genetic Information Processing,J22_C,J22,15.70137329,,,,,,,,,
551,Metabolism,J22_C,J22,53.06254387,,,,,,,,,
552,Not Included in Pathway or Brite,J22_C,J22,5.344022311,,,,,,,,,
553,Other,J22_C,J22,0.754162585,,,,,,,,,
554,Brite Hierarchies,J23_A,J23,16.38504057,,,,,,,,,
555,Cellular Processes,J23_A,J23,4.723886872,,,,,,,,,
556,Environmental Information Processing,J23_A,J23,3.326418653,,,,,,,,,
557,Genetic Information Processing,J23_A,J23,14.73944702,,,,,,,,,
558,Metabolism,J23_A,J23,54.24805759,,,,,,,,,
559,Not Included in Pathway or Brite,J23_A,J23,5.755905214,,,,,,,,,
560,Other,J23_A,J23,0.821244089,,,,,,,,,
561,Brite Hierarchies,J23_B,J23,15.98910665,,,,,,,,,
562,Cellular Processes,J23_B,J23,4.449734491,,,,,,,,,
563,Environmental Information Processing,J23_B,J23,3.60107127,,,,,,,,,
564,Genetic Information Processing,J23_B,J23,13.59628086,,,,,,,,,
565,Metabolism,J23_B,J23,55.199552,,,,,,,,,
566,Not Included in Pathway or Brite,J23_B,J23,6.229923275,,,,,,,,,
567,Other,J23_B,J23,0.934331446,,,,,,,,,
568,Brite Hierarchies,J23_C,J23,16.66909661,,,,,,,,,
569,Cellular Processes,J23_C,J23,4.726117379,,,,,,,,,
570,Environmental Information Processing,J23_C,J23,3.399137635,,,,,,,,,
571,Genetic Information Processing,J23_C,J23,15.40729274,,,,,,,,,
572,Metabolism,J23_C,J23,53.51981315,,,,,,,,,
573,Not Included in Pathway or Brite,J23_C,J23,5.513093208,,,,,,,,,
574,Other,J23_C,J23,0.765449278,,,,,,,,,
575,Brite Hierarchies,J24_A,J24,16.17754441,,,,,,,,,
576,Cellular Processes,J24_A,J24,4.413665367,,,,,,,,,
577,Environmental Information Processing,J24_A,J24,3.267225997,,,,,,,,,
578,Genetic Information Processing,J24_A,J24,14.56531682,,,,,,,,,
579,Metabolism,J24_A,J24,54.83580627,,,,,,,,,
580,Not Included in Pathway or Brite,J24_A,J24,5.941091915,,,,,,,,,
581,Other,J24_A,J24,0.799349221,,,,,,,,,
582,Brite Hierarchies,J24_B,J24,16.24187615,,,,,,,,,
583,Cellular Processes,J24_B,J24,4.565763561,,,,,,,,,
584,Environmental Information Processing,J24_B,J24,3.208264138,,,,,,,,,
585,Genetic Information Processing,J24_B,J24,14.59890448,,,,,,,,,
586,Metabolism,J24_B,J24,54.79037538,,,,,,,,,
587,Not Included in Pathway or Brite,J24_B,J24,5.784746243,,,,,,,,,
588,Other,J24_B,J24,0.810070058,,,,,,,,,
589,Brite Hierarchies,J24_C,J24,16.9380647,,,,,,,,,
590,Cellular Processes,J24_C,J24,4.937464216,,,,,,,,,
591,Environmental Information Processing,J24_C,J24,3.291958727,,,,,,,,,
592,Genetic Information Processing,J24_C,J24,16.03326859,,,,,,,,,
593,Metabolism,J24_C,J24,52.90725502,,,,,,,,,
594,Not Included in Pathway or Brite,J24_C,J24,5.14942169,,,,,,,,,
595,Other,J24_C,J24,0.742567051,,,,,,,,,
596,Brite Hierarchies,J3_A,J3,16.29697288,,,,,,,,,
597,Cellular Processes,J3_A,J3,4.61310141,,,,,,,,,
598,Environmental Information Processing,J3_A,J3,3.243154742,,,,,,,,,
599,Genetic Information Processing,J3_A,J3,14.4787922,,,,,,,,,
600,Metabolism,J3_A,J3,54.62789398,,,,,,,,,
601,Not Included in Pathway or Brite,J3_A,J3,5.928709906,,,,,,,,,
602,Other,J3_A,J3,0.811374882,,,,,,,,,
603,Brite Hierarchies,J3_B,J3,16.23321571,,,,,,,,,
604,Cellular Processes,J3_B,J3,4.587728987,,,,,,,,,
605,Environmental Information Processing,J3_B,J3,3.187628036,,,,,,,,,
606,Genetic Information Processing,J3_B,J3,14.38601893,,,,,,,,,
607,Metabolism,J3_B,J3,54.89876793,,,,,,,,,
608,Not Included in Pathway or Brite,J3_B,J3,5.869822428,,,,,,,,,
609,Other,J3_B,J3,0.836817975,,,,,,,,,
610,Brite Hierarchies,J3_C,J3,16.6637643,,,,,,,,,
611,Cellular Processes,J3_C,J3,5.004504297,,,,,,,,,
612,Environmental Information Processing,J3_C,J3,3.250810953,,,,,,,,,
613,Genetic Information Processing,J3_C,J3,15.31159466,,,,,,,,,
614,Metabolism,J3_C,J3,53.49408949,,,,,,,,,
615,Not Included in Pathway or Brite,J3_C,J3,5.488558181,,,,,,,,,
616,Other,J3_C,J3,0.786678119,,,,,,,,,
617,Brite Hierarchies,J4_A,J4,16.26522945,,,,,,,,,
618,Cellular Processes,J4_A,J4,4.371366696,,,,,,,,,
619,Environmental Information Processing,J4_A,J4,3.336140256,,,,,,,,,
620,Genetic Information Processing,J4_A,J4,14.01796212,,,,,,,,,
621,Metabolism,J4_A,J4,54.97119899,,,,,,,,,
622,Not Included in Pathway or Brite,J4_A,J4,6.227373624,,,,,,,,,
623,Other,J4_A,J4,0.810728868,,,,,,,,,
624,Brite Hierarchies,J4_B,J4,16.47260036,,,,,,,,,
625,Cellular Processes,J4_B,J4,4.656922514,,,,,,,,,
626,Environmental Information Processing,J4_B,J4,3.154929309,,,,,,,,,
627,Genetic Information Processing,J4_B,J4,14.65623073,,,,,,,,,
628,Metabolism,J4_B,J4,54.58133183,,,,,,,,,
629,Not Included in Pathway or Brite,J4_B,J4,5.68296468,,,,,,,,,
630,Other,J4_B,J4,0.79502058,,,,,,,,,
631,Brite Hierarchies,J4_C,J4,16.60042484,,,,,,,,,
632,Cellular Processes,J4_C,J4,4.697058629,,,,,,,,,
633,Environmental Information Processing,J4_C,J4,3.182931184,,,,,,,,,
634,Genetic Information Processing,J4_C,J4,14.91764763,,,,,,,,,
635,Metabolism,J4_C,J4,54.17612653,,,,,,,,,
636,Not Included in Pathway or Brite,J4_C,J4,5.642210032,,,,,,,,,
637,Other,J4_C,J4,0.783601154,,,,,,,,,
638,Brite Hierarchies,J5_A,J5,16.35630517,,,,,,,,,
639,Cellular Processes,J5_A,J5,4.233961202,,,,,,,,,
640,Environmental Information Processing,J5_A,J5,3.259116029,,,,,,,,,
641,Genetic Information Processing,J5_A,J5,14.29046607,,,,,,,,,
642,Metabolism,J5_A,J5,54.89875974,,,,,,,,,
643,Not Included in Pathway or Brite,J5_A,J5,6.184821751,,,,,,,,,
644,Other,J5_A,J5,0.776570038,,,,,,,,,
645,Brite Hierarchies,J5_B,J5,16.513503,,,,,,,,,
646,Cellular Processes,J5_B,J5,4.689920046,,,,,,,,,
647,Environmental Information Processing,J5_B,J5,3.127591725,,,,,,,,,
648,Genetic Information Processing,J5_B,J5,14.52305538,,,,,,,,,
649,Metabolism,J5_B,J5,54.55674861,,,,,,,,,
650,Not Included in Pathway or Brite,J5_B,J5,5.790869098,,,,,,,,,
651,Other,J5_B,J5,0.798312144,,,,,,,,,
652,Brite Hierarchies,J5_C,J5,16.55401178,,,,,,,,,
653,Cellular Processes,J5_C,J5,4.852505448,,,,,,,,,
654,Environmental Information Processing,J5_C,J5,3.163059529,,,,,,,,,
655,Genetic Information Processing,J5_C,J5,15.26378539,,,,,,,,,
656,Metabolism,J5_C,J5,53.90870759,,,,,,,,,
657,Not Included in Pathway or Brite,J5_C,J5,5.486475318,,,,,,,,,
658,Other,J5_C,J5,0.771454943,,,,,,,,,
659,Brite Hierarchies,J6_A,J6,16.70118487,,,,,,,,,
660,Cellular Processes,J6_A,J6,4.551982763,,,,,,,,,
661,Environmental Information Processing,J6_A,J6,3.280002817,,,,,,,,,
662,Genetic Information Processing,J6_A,J6,14.39602153,,,,,,,,,
663,Metabolism,J6_A,J6,54.33614966,,,,,,,,,
664,Not Included in Pathway or Brite,J6_A,J6,5.962708726,,,,,,,,,
665,Other,J6_A,J6,0.771949642,,,,,,,,,
666,Brite Hierarchies,J6_B,J6,16.41931936,,,,,,,,,
667,Cellular Processes,J6_B,J6,4.48948852,,,,,,,,,
668,Environmental Information Processing,J6_B,J6,3.258766545,,,,,,,,,
669,Genetic Information Processing,J6_B,J6,14.59067846,,,,,,,,,
670,Metabolism,J6_B,J6,54.65723896,,,,,,,,,
671,Not Included in Pathway or Brite,J6_B,J6,5.812207233,,,,,,,,,
672,Other,J6_B,J6,0.772300925,,,,,,,,,
673,Brite Hierarchies,J6_C,J6,16.52180136,,,,,,,,,
674,Cellular Processes,J6_C,J6,4.793708547,,,,,,,,,
675,Environmental Information Processing,J6_C,J6,3.222745165,,,,,,,,,
676,Genetic Information Processing,J6_C,J6,15.33450972,,,,,,,,,
677,Metabolism,J6_C,J6,53.83194032,,,,,,,,,
678,Not Included in Pathway or Brite,J6_C,J6,5.528206604,,,,,,,,,
679,Other,J6_C,J6,0.767088289,,,,,,,,,
680,Brite Hierarchies,J7_A,J7,15.91904545,,,,,,,,,
681,Cellular Processes,J7_A,J7,4.406379633,,,,,,,,,
682,Environmental Information Processing,J7_A,J7,3.374300101,,,,,,,,,
683,Genetic Information Processing,J7_A,J7,14.11270045,,,,,,,,,
684,Metabolism,J7_A,J7,55.10898384,,,,,,,,,
685,Not Included in Pathway or Brite,J7_A,J7,6.270809842,,,,,,,,,
686,Other,J7_A,J7,0.80778069,,,,,,,,,
687,Brite Hierarchies,J7_B,J7,15.8869216,,,,,,,,,
688,Cellular Processes,J7_B,J7,4.381522459,,,,,,,,,
689,Environmental Information Processing,J7_B,J7,3.416551492,,,,,,,,,
690,Genetic Information Processing,J7_B,J7,13.81277577,,,,,,,,,
691,Metabolism,J7_B,J7,55.28630452,,,,,,,,,
692,Not Included in Pathway or Brite,J7_B,J7,6.411986272,,,,,,,,,
693,Other,J7_B,J7,0.803937886,,,,,,,,,
694,Brite Hierarchies,J7_C,J7,16.57831052,,,,,,,,,
695,Cellular Processes,J7_C,J7,4.726984539,,,,,,,,,
696,Environmental Information Processing,J7_C,J7,3.274835796,,,,,,,,,
697,Genetic Information Processing,J7_C,J7,15.52551579,,,,,,,,,
698,Metabolism,J7_C,J7,53.59086257,,,,,,,,,
699,Not Included in Pathway or Brite,J7_C,J7,5.566045796,,,,,,,,,
700,Other,J7_C,J7,0.737444987,,,,,,,,,
701,Brite Hierarchies,J8_A,J8,16.1960103,,,,,,,,,
702,Cellular Processes,J8_A,J8,4.410944697,,,,,,,,,
703,Environmental Information Processing,J8_A,J8,3.288405397,,,,,,,,,
704,Genetic Information Processing,J8_A,J8,14.13738675,,,,,,,,,
705,Metabolism,J8_A,J8,54.98427613,,,,,,,,,
706,Not Included in Pathway or Brite,J8_A,J8,6.174824318,,,,,,,,,
707,Other,J8_A,J8,0.808152417,,,,,,,,,
708,Brite Hierarchies,J8_B,J8,16.5460853,,,,,,,,,
709,Cellular Processes,J8_B,J8,4.639194983,,,,,,,,,
710,Environmental Information Processing,J8_B,J8,3.455001404,,,,,,,,,
711,Genetic Information Processing,J8_B,J8,13.78496831,,,,,,,,,
712,Metabolism,J8_B,J8,54.40129857,,,,,,,,,
713,Not Included in Pathway or Brite,J8_B,J8,6.343083039,,,,,,,,,
714,Other,J8_B,J8,0.830368392,,,,,,,,,
715,Brite Hierarchies,J8_C,J8,16.57816512,,,,,,,,,
716,Cellular Processes,J8_C,J8,5.018220213,,,,,,,,,
717,Environmental Information Processing,J8_C,J8,3.197660684,,,,,,,,,
718,Genetic Information Processing,J8_C,J8,15.56957371,,,,,,,,,
719,Metabolism,J8_C,J8,53.54950355,,,,,,,,,
720,Not Included in Pathway or Brite,J8_C,J8,5.279560894,,,,,,,,,
721,Other,J8_C,J8,0.807315834,,,,,,,,,
722,Brite Hierarchies,J9_A,J9,16.4192515,,,,,,,,,
723,Cellular Processes,J9_A,J9,4.559724751,,,,,,,,,
724,Environmental Information Processing,J9_A,J9,3.252882907,,,,,,,,,
725,Genetic Information Processing,J9_A,J9,14.29370522,,,,,,,,,
726,Metabolism,J9_A,J9,54.64424681,,,,,,,,,
727,Not Included in Pathway or Brite,J9_A,J9,6.011090461,,,,,,,,,
728,Other,J9_A,J9,0.819098358,,,,,,,,,
729,Brite Hierarchies,J9_B,J9,16.19380382,,,,,,,,,
730,Cellular Processes,J9_B,J9,4.720761965,,,,,,,,,
731,Environmental Information Processing,J9_B,J9,3.209942596,,,,,,,,,
732,Genetic Information Processing,J9_B,J9,14.54506281,,,,,,,,,
733,Metabolism,J9_B,J9,54.69315513,,,,,,,,,
734,Not Included in Pathway or Brite,J9_B,J9,5.779630804,,,,,,,,,
735,Other,J9_B,J9,0.857642884,,,,,,,,,
736,Brite Hierarchies,J9_C,J9,16.69040581,,,,,,,,,
737,Cellular Processes,J9_C,J9,4.827579256,,,,,,,,,
738,Environmental Information Processing,J9_C,J9,3.206646548,,,,,,,,,
739,Genetic Information Processing,J9_C,J9,15.63876418,,,,,,,,,
740,Metabolism,J9_C,J9,53.52603223,,,,,,,,,
741,Not Included in Pathway or Brite,J9_C,J9,5.353244531,,,,,,,,,
742,Other,J9_C,J9,0.757327448,,,,,,,,,
743,Brite Hierarchies,M1_A,M1,15.26936084,,,,,,,,,
744,Cellular Processes,M1_A,M1,2.718514896,,,,,,,,,
745,Environmental Information Processing,M1_A,M1,3.278608182,,,,,,,,,
746,Genetic Information Processing,M1_A,M1,15.76449251,,,,,,,,,
747,Metabolism,M1_A,M1,56.19388507,,,,,,,,,
748,Not Included in Pathway or Brite,M1_A,M1,6.170548719,,,,,,,,,
749,Other,M1_A,M1,0.604589776,,,,,,,,,
750,Brite Hierarchies,M1_B,M1,15.78538224,,,,,,,,,
751,Cellular Processes,M1_B,M1,2.652942888,,,,,,,,,
752,Environmental Information Processing,M1_B,M1,3.18093759,,,,,,,,,
753,Genetic Information Processing,M1_B,M1,16.81104316,,,,,,,,,
754,Metabolism,M1_B,M1,55.09054294,,,,,,,,,
755,Not Included in Pathway or Brite,M1_B,M1,5.816910781,,,,,,,,,
756,Other,M1_B,M1,0.662240399,,,,,,,,,
757,Brite Hierarchies,M1_C,M1,15.54815019,,,,,,,,,
758,Cellular Processes,M1_C,M1,2.544901575,,,,,,,,,
759,Environmental Information Processing,M1_C,M1,3.307969748,,,,,,,,,
760,Genetic Information Processing,M1_C,M1,16.55853347,,,,,,,,,
761,Metabolism,M1_C,M1,55.45416874,,,,,,,,,
762,Not Included in Pathway or Brite,M1_C,M1,5.977659385,,,,,,,,,
763,Other,M1_C,M1,0.6086169,,,,,,,,,
764,Brite Hierarchies,M10_A,M10,15.88580176,,,,,,,,,
765,Cellular Processes,M10_A,M10,2.655770619,,,,,,,,,
766,Environmental Information Processing,M10_A,M10,3.211880369,,,,,,,,,
767,Genetic Information Processing,M10_A,M10,16.34787823,,,,,,,,,
768,Metabolism,M10_A,M10,55.25187837,,,,,,,,,
769,Not Included in Pathway or Brite,M10_A,M10,6.009063641,,,,,,,,,
770,Other,M10_A,M10,0.637727019,,,,,,,,,
771,Brite Hierarchies,M10_B,M10,15.8785982,,,,,,,,,
772,Cellular Processes,M10_B,M10,2.586515325,,,,,,,,,
773,Environmental Information Processing,M10_B,M10,3.19749051,,,,,,,,,
774,Genetic Information Processing,M10_B,M10,16.16989536,,,,,,,,,
775,Metabolism,M10_B,M10,55.42175389,,,,,,,,,
776,Not Included in Pathway or Brite,M10_B,M10,6.085030072,,,,,,,,,
777,Other,M10_B,M10,0.66071664,,,,,,,,,
778,Brite Hierarchies,M10_C,M10,16.03558269,,,,,,,,,
779,Cellular Processes,M10_C,M10,2.278095913,,,,,,,,,
780,Environmental Information Processing,M10_C,M10,2.961760331,,,,,,,,,
781,Genetic Information Processing,M10_C,M10,17.5000962,,,,,,,,,
782,Metabolism,M10_C,M10,54.86815918,,,,,,,,,
783,Not Included in Pathway or Brite,M10_C,M10,5.656684027,,,,,,,,,
784,Other,M10_C,M10,0.699621665,,,,,,,,,
785,Brite Hierarchies,M11_A,M11,15.51221814,,,,,,,,,
786,Cellular Processes,M11_A,M11,2.745130625,,,,,,,,,
787,Environmental Information Processing,M11_A,M11,3.288388539,,,,,,,,,
788,Genetic Information Processing,M11_A,M11,16.01112212,,,,,,,,,
789,Metabolism,M11_A,M11,55.70754643,,,,,,,,,
790,Not Included in Pathway or Brite,M11_A,M11,6.146587397,,,,,,,,,
791,Other,M11_A,M11,0.589006746,,,,,,,,,
792,Brite Hierarchies,M11_B,M11,15.59704935,,,,,,,,,
793,Cellular Processes,M11_B,M11,2.769113308,,,,,,,,,
794,Environmental Information Processing,M11_B,M11,3.332379404,,,,,,,,,
795,Genetic Information Processing,M11_B,M11,15.84402959,,,,,,,,,
796,Metabolism,M11_B,M11,55.64638763,,,,,,,,,
797,Not Included in Pathway or Brite,M11_B,M11,6.187100037,,,,,,,,,
798,Other,M11_B,M11,0.623940677,,,,,,,,,
799,Brite Hierarchies,M11_C,M11,15.70953515,,,,,,,,,
800,Cellular Processes,M11_C,M11,2.708174364,,,,,,,,,
801,Environmental Information Processing,M11_C,M11,3.195142165,,,,,,,,,
802,Genetic Information Processing,M11_C,M11,16.03754766,,,,,,,,,
803,Metabolism,M11_C,M11,55.59453038,,,,,,,,,
804,Not Included in Pathway or Brite,M11_C,M11,6.124874103,,,,,,,,,
805,Other,M11_C,M11,0.630196167,,,,,,,,,
806,Brite Hierarchies,M12_A,M12,16.26471831,,,,,,,,,
807,Cellular Processes,M12_A,M12,2.593761699,,,,,,,,,
808,Environmental Information Processing,M12_A,M12,3.254723982,,,,,,,,,
809,Genetic Information Processing,M12_A,M12,16.04255029,,,,,,,,,
810,Metabolism,M12_A,M12,55.01791462,,,,,,,,,
811,Not Included in Pathway or Brite,M12_A,M12,6.152429084,,,,,,,,,
812,Other,M12_A,M12,0.67390201,,,,,,,,,
813,Brite Hierarchies,M12_B,M12,16.01164171,,,,,,,,,
814,Cellular Processes,M12_B,M12,2.883976508,,,,,,,,,
815,Environmental Information Processing,M12_B,M12,3.285633093,,,,,,,,,
816,Genetic Information Processing,M12_B,M12,16.00668041,,,,,,,,,
817,Metabolism,M12_B,M12,55.07583747,,,,,,,,,
818,Not Included in Pathway or Brite,M12_B,M12,6.065601708,,,,,,,,,
819,Other,M12_B,M12,0.670629107,,,,,,,,,
820,Brite Hierarchies,M12_C,M12,16.01642052,,,,,,,,,
821,Cellular Processes,M12_C,M12,2.582390458,,,,,,,,,
822,Environmental Information Processing,M12_C,M12,3.21133038,,,,,,,,,
823,Genetic Information Processing,M12_C,M12,16.69006159,,,,,,,,,
824,Metabolism,M12_C,M12,54.98594001,,,,,,,,,
825,Not Included in Pathway or Brite,M12_C,M12,5.827036842,,,,,,,,,
826,Other,M12_C,M12,0.686820193,,,,,,,,,
827,Brite Hierarchies,M2_A,M2,16.12026584,,,,,,,,,
828,Cellular Processes,M2_A,M2,2.807155849,,,,,,,,,
829,Environmental Information Processing,M2_A,M2,3.159943617,,,,,,,,,
830,Genetic Information Processing,M2_A,M2,15.99509539,,,,,,,,,
831,Metabolism,M2_A,M2,55.04830802,,,,,,,,,
832,Not Included in Pathway or Brite,M2_A,M2,6.161192768,,,,,,,,,
833,Other,M2_A,M2,0.708038516,,,,,,,,,
834,Brite Hierarchies,M2_B,M2,15.85160399,,,,,,,,,
835,Cellular Processes,M2_B,M2,2.704283975,,,,,,,,,
836,Environmental Information Processing,M2_B,M2,3.074414674,,,,,,,,,
837,Genetic Information Processing,M2_B,M2,16.08210402,,,,,,,,,
838,Metabolism,M2_B,M2,55.4383804,,,,,,,,,
839,Not Included in Pathway or Brite,M2_B,M2,6.165806876,,,,,,,,,
840,Other,M2_B,M2,0.683406078,,,,,,,,,
841,Brite Hierarchies,M2_C,M2,15.41019755,,,,,,,,,
842,Cellular Processes,M2_C,M2,2.430509201,,,,,,,,,
843,Environmental Information Processing,M2_C,M2,3.196120656,,,,,,,,,
844,Genetic Information Processing,M2_C,M2,16.57048954,,,,,,,,,
845,Metabolism,M2_C,M2,55.74229533,,,,,,,,,
846,Not Included in Pathway or Brite,M2_C,M2,6.044593956,,,,,,,,,
847,Other,M2_C,M2,0.605793764,,,,,,,,,
848,Brite Hierarchies,M3_A,M3,16.04540247,,,,,,,,,
849,Cellular Processes,M3_A,M3,2.777307353,,,,,,,,,
850,Environmental Information Processing,M3_A,M3,3.307558006,,,,,,,,,
851,Genetic Information Processing,M3_A,M3,16.38087104,,,,,,,,,
852,Metabolism,M3_A,M3,54.65741301,,,,,,,,,
853,Not Included in Pathway or Brite,M3_A,M3,6.089849093,,,,,,,,,
854,Other,M3_A,M3,0.741599022,,,,,,,,,
855,Brite Hierarchies,M3_B,M3,15.78615826,,,,,,,,,
856,Cellular Processes,M3_B,M3,2.850884873,,,,,,,,,
857,Environmental Information Processing,M3_B,M3,3.302198545,,,,,,,,,
858,Genetic Information Processing,M3_B,M3,16.10076702,,,,,,,,,
859,Metabolism,M3_B,M3,55.12698786,,,,,,,,,
860,Not Included in Pathway or Brite,M3_B,M3,6.111477889,,,,,,,,,
861,Other,M3_B,M3,0.721525558,,,,,,,,,
862,Brite Hierarchies,M3_C,M3,15.93783372,,,,,,,,,
863,Cellular Processes,M3_C,M3,2.993157168,,,,,,,,,
864,Environmental Information Processing,M3_C,M3,3.211730785,,,,,,,,,
865,Genetic Information Processing,M3_C,M3,16.5283625,,,,,,,,,
866,Metabolism,M3_C,M3,54.70980554,,,,,,,,,
867,Not Included in Pathway or Brite,M3_C,M3,5.90587104,,,,,,,,,
868,Other,M3_C,M3,0.713239249,,,,,,,,,
869,Brite Hierarchies,M4_A,M4,15.51037441,,,,,,,,,
870,Cellular Processes,M4_A,M4,2.840104814,,,,,,,,,
871,Environmental Information Processing,M4_A,M4,3.125059496,,,,,,,,,
872,Genetic Information Processing,M4_A,M4,16.25595202,,,,,,,,,
873,Metabolism,M4_A,M4,55.67843088,,,,,,,,,
874,Not Included in Pathway or Brite,M4_A,M4,5.950158886,,,,,,,,,
875,Other,M4_A,M4,0.639919493,,,,,,,,,
876,Brite Hierarchies,M4_B,M4,15.93147319,,,,,,,,,
877,Cellular Processes,M4_B,M4,2.651138506,,,,,,,,,
878,Environmental Information Processing,M4_B,M4,3.17703588,,,,,,,,,
879,Genetic Information Processing,M4_B,M4,16.45536682,,,,,,,,,
880,Metabolism,M4_B,M4,55.08484034,,,,,,,,,
881,Not Included in Pathway or Brite,M4_B,M4,5.98812225,,,,,,,,,
882,Other,M4_B,M4,0.712023014,,,,,,,,,
883,Brite Hierarchies,M4_C,M4,15.59892199,,,,,,,,,
884,Cellular Processes,M4_C,M4,2.27599565,,,,,,,,,
885,Environmental Information Processing,M4_C,M4,3.240083178,,,,,,,,,
886,Genetic Information Processing,M4_C,M4,17.24901213,,,,,,,,,
887,Metabolism,M4_C,M4,55.14636787,,,,,,,,,
888,Not Included in Pathway or Brite,M4_C,M4,5.849147249,,,,,,,,,
889,Other,M4_C,M4,0.640471935,,,,,,,,,
890,Brite Hierarchies,M5_A,M5,15.61402409,,,,,,,,,
891,Cellular Processes,M5_A,M5,2.606135577,,,,,,,,,
892,Environmental Information Processing,M5_A,M5,3.076059977,,,,,,,,,
893,Genetic Information Processing,M5_A,M5,16.32008156,,,,,,,,,
894,Metabolism,M5_A,M5,55.66079474,,,,,,,,,
895,Not Included in Pathway or Brite,M5_A,M5,6.095258485,,,,,,,,,
896,Other,M5_A,M5,0.627645574,,,,,,,,,
897,Brite Hierarchies,M5_B,M5,15.61344734,,,,,,,,,
898,Cellular Processes,M5_B,M5,2.885530143,,,,,,,,,
899,Environmental Information Processing,M5_B,M5,3.160188386,,,,,,,,,
900,Genetic Information Processing,M5_B,M5,16.19478617,,,,,,,,,
901,Metabolism,M5_B,M5,55.45785045,,,,,,,,,
902,Not Included in Pathway or Brite,M5_B,M5,6.034382479,,,,,,,,,
903,Other,M5_B,M5,0.653815039,,,,,,,,,
904,Brite Hierarchies,M5_C,M5,15.4208943,,,,,,,,,
905,Cellular Processes,M5_C,M5,2.573566451,,,,,,,,,
906,Environmental Information Processing,M5_C,M5,3.086384177,,,,,,,,,
907,Genetic Information Processing,M5_C,M5,17.43360708,,,,,,,,,
908,Metabolism,M5_C,M5,55.27572872,,,,,,,,,
909,Not Included in Pathway or Brite,M5_C,M5,5.606130983,,,,,,,,,
910,Other,M5_C,M5,0.603688296,,,,,,,,,
911,Brite Hierarchies,M6_A,M6,15.7639844,,,,,,,,,
912,Cellular Processes,M6_A,M6,2.750313011,,,,,,,,,
913,Environmental Information Processing,M6_A,M6,3.242955779,,,,,,,,,
914,Genetic Information Processing,M6_A,M6,16.11309201,,,,,,,,,
915,Metabolism,M6_A,M6,55.32073525,,,,,,,,,
916,Not Included in Pathway or Brite,M6_A,M6,6.116081606,,,,,,,,,
917,Other,M6_A,M6,0.692837944,,,,,,,,,
918,Brite Hierarchies,M6_B,M6,15.57748495,,,,,,,,,
919,Cellular Processes,M6_B,M6,2.820195537,,,,,,,,,
920,Environmental Information Processing,M6_B,M6,3.171229645,,,,,,,,,
921,Genetic Information Processing,M6_B,M6,16.1554181,,,,,,,,,
922,Metabolism,M6_B,M6,55.59421393,,,,,,,,,
923,Not Included in Pathway or Brite,M6_B,M6,6.025976293,,,,,,,,,
924,Other,M6_B,M6,0.655481548,,,,,,,,,
925,Brite Hierarchies,M6_C,M6,15.66279609,,,,,,,,,
926,Cellular Processes,M6_C,M6,2.584119431,,,,,,,,,
927,Environmental Information Processing,M6_C,M6,3.215939384,,,,,,,,,
928,Genetic Information Processing,M6_C,M6,16.34802032,,,,,,,,,
929,Metabolism,M6_C,M6,55.51405638,,,,,,,,,
930,Not Included in Pathway or Brite,M6_C,M6,6.005837577,,,,,,,,,
931,Other,M6_C,M6,0.66923083,,,,,,,,,
932,Brite Hierarchies,M7_A,M7,15.85783399,,,,,,,,,
933,Cellular Processes,M7_A,M7,2.616192302,,,,,,,,,
934,Environmental Information Processing,M7_A,M7,3.03565202,,,,,,,,,
935,Genetic Information Processing,M7_A,M7,16.26214092,,,,,,,,,
936,Metabolism,M7_A,M7,55.45182056,,,,,,,,,
937,Not Included in Pathway or Brite,M7_A,M7,6.138949575,,,,,,,,,
938,Other,M7_A,M7,0.63741064,,,,,,,,,
939,Brite Hierarchies,M7_B,M7,15.5212306,,,,,,,,,
940,Cellular Processes,M7_B,M7,2.727561501,,,,,,,,,
941,Environmental Information Processing,M7_B,M7,3.17249774,,,,,,,,,
942,Genetic Information Processing,M7_B,M7,16.42895865,,,,,,,,,
943,Metabolism,M7_B,M7,55.52987431,,,,,,,,,
944,Not Included in Pathway or Brite,M7_B,M7,5.993524185,,,,,,,,,
945,Other,M7_B,M7,0.626353007,,,,,,,,,
946,Brite Hierarchies,M7_C,M7,15.27347768,,,,,,,,,
947,Cellular Processes,M7_C,M7,2.349626962,,,,,,,,,
948,Environmental Information Processing,M7_C,M7,2.966445795,,,,,,,,,
949,Genetic Information Processing,M7_C,M7,17.57091443,,,,,,,,,
950,Metabolism,M7_C,M7,55.54706609,,,,,,,,,
951,Not Included in Pathway or Brite,M7_C,M7,5.706890466,,,,,,,,,
952,Other,M7_C,M7,0.585578577,,,,,,,,,
953,Brite Hierarchies,M8_A,M8,15.41538139,,,,,,,,,
954,Cellular Processes,M8_A,M8,2.850446246,,,,,,,,,
955,Environmental Information Processing,M8_A,M8,3.266607163,,,,,,,,,
956,Genetic Information Processing,M8_A,M8,15.55846686,,,,,,,,,
957,Metabolism,M8_A,M8,56.07193038,,,,,,,,,
958,Not Included in Pathway or Brite,M8_A,M8,6.225127013,,,,,,,,,
959,Other,M8_A,M8,0.612040955,,,,,,,,,
960,Brite Hierarchies,M8_B,M8,15.47244864,,,,,,,,,
961,Cellular Processes,M8_B,M8,2.627260017,,,,,,,,,
962,Environmental Information Processing,M8_B,M8,3.083388089,,,,,,,,,
963,Genetic Information Processing,M8_B,M8,16.04390059,,,,,,,,,
964,Metabolism,M8_B,M8,55.99871136,,,,,,,,,
965,Not Included in Pathway or Brite,M8_B,M8,6.178884178,,,,,,,,,
966,Other,M8_B,M8,0.595407122,,,,,,,,,
967,Brite Hierarchies,M8_C,M8,15.31891455,,,,,,,,,
968,Cellular Processes,M8C,M8,2.351092808,,,,,,,,,
969,Environmental Information Processing,M8C,M8,2.968265028,,,,,,,,,
970,Genetic Information Processing,M8C,M8,17.37837373,,,,,,,,,
971,Metabolism,M8C,M8,55.67021861,,,,,,,,,
972,Not Included in Pathway or Brite,M8C,M8,5.762619662,,,,,,,,,
973,Other,M8C,M8,0.550515613,,,,,,,,,
974,Brite Hierarchies,M9_A,M9,16.20740182,,,,,,,,,
975,Cellular Processes,M9_A,M9,2.70584743,,,,,,,,,
976,Environmental Information Processing,M9_A,M9,3.41322626,,,,,,,,,
977,Genetic Information Processing,M9_A,M9,15.84075235,,,,,,,,,
978,Metabolism,M9_A,M9,54.97257528,,,,,,,,,
979,Not Included in Pathway or Brite,M9_A,M9,6.186973972,,,,,,,,,
980,Other,M9_A,M9,0.673222893,,,,,,,,,
981,Brite Hierarchies,M9_B,M9,15.98505871,,,,,,,,,
982,Cellular Processes,M9_B,M9,2.879675085,,,,,,,,,
983,Environmental Information Processing,M9_B,M9,3.379365552,,,,,,,,,
984,Genetic Information Processing,M9_B,M9,15.9169318,,,,,,,,,
985,Metabolism,M9_B,M9,55.0371374,,,,,,,,,
986,Not Included in Pathway or Brite,M9_B,M9,6.117925842,,,,,,,,,
987,Other,M9_B,M9,0.683905606,,,,,,,,,
988,Brite Hierarchies,M9_C,M9,15.87239811,,,,,,,,,
989,Cellular Processes,M9_C,M9,2.930115141,,,,,,,,,
990,Environmental Information Processing,M9_C,M9,3.384531653,,,,,,,,,
991,Genetic Information Processing,M9_C,M9,16.15292553,,,,,,,,,
992,Metabolism,M9_C,M9,55.04940587,,,,,,,,,
993,Not Included in Pathway or Brite,M9_C,M9,5.937259843,,,,,,,,,
994,Other,M9_C,M9,0.673363853,,,,,,,,,